{"cameraMode":{"drawMode":0,"name":"Shaded","section":"Shading Mode"},"sceneLighting":true,"audioPlay":false,"sceneViewState":{"showFog":true,"showMaterialUpdate":false,"showSkybox":true,"showFlares":true,"showImageEffects":true,"showParticleSystems":true,"showVisualEffectGraphs":true,"m_FxEnabled":true},"in2DMode":false,"pivot":{"x":-6.231488227844238,"y":-0.9302725791931152,"z":2.8667731285095217},"rotation":{"x":-0.008614963851869107,"y":0.7142311930656433,"z":-0.008792072534561158,"w":-0.6998089551925659},"size":3.4829483032226564,"orthographic":false}