{"cameraMode":{"drawMode":0,"name":"Shaded","section":"Shading Mode"},"sceneLighting":true,"audioPlay":false,"sceneViewState":{"showFog":true,"showMaterialUpdate":false,"showSkybox":true,"showFlares":true,"showImageEffects":true,"showParticleSystems":true,"showVisualEffectGraphs":true,"m_FxEnabled":true},"in2DMode":false,"pivot":{"x":0.5871102213859558,"y":-1.9722992181777955,"z":-7.558335304260254},"rotation":{"x":0.002565002301707864,"y":0.9966797828674316,"z":-0.07369843870401383,"w":0.03470005840063095},"size":25.109241485595704,"orthographic":false}